{
    "camera": {
        "fov": 58,
        "position": [
            4.06035852432251,
            6.737154483795166,
            -14.33677864074707
        ],
        "target": [
            0.0005638206417107883,
            1.3171817255749478,
            -0.8900898422609855
        ],
        "startAnim": "none",
        "animTrack": null
    },
    "background": {
        "color": [
            0.69,
            0.70,
            0.75
        ]
    },
    "animTracks": []
}
